{"cameraMode":{"drawMode":0,"name":"Shaded","section":"Shading Mode"},"sceneLighting":true,"audioPlay":false,"sceneViewState":{"m_AlwaysRefresh":true,"showFog":false,"showSkybox":true,"showFlares":true,"showImageEffects":true,"showParticleSystems":true,"showVisualEffectGraphs":true,"m_FxEnabled":true},"in2DMode":false,"pivot":{"x":328.9582214355469,"y":182.3456573486328,"z":0.4583740234375},"rotation":{"x":-0.0033095197286456825,"y":-0.006902473513036966,"z":0.00002282034620293416,"w":-0.9999706745147705},"size":265.4523620605469,"orthographic":false}