{"cameraMode":{"drawMode":0,"name":"Shaded","section":"Shading Mode"},"sceneLighting":true,"audioPlay":false,"sceneViewState":{"m_AlwaysRefresh":true,"showFog":false,"showSkybox":true,"showFlares":true,"showImageEffects":true,"showParticleSystems":true,"showVisualEffectGraphs":true,"m_FxEnabled":true},"in2DMode":false,"pivot":{"x":448.5802001953125,"y":265.5947265625,"z":-0.0045166015625},"rotation":{"x":0.0000032875664146558849,"y":0.9999411106109619,"z":-0.01080942153930664,"w":0.00030088593484833837},"size":358.5600891113281,"orthographic":false}