{"cameraMode":{"drawMode":0,"name":"Shaded","section":"Shading Mode"},"sceneLighting":true,"audioPlay":false,"sceneViewState":{"m_AlwaysRefresh":true,"showFog":false,"showSkybox":true,"showFlares":true,"showImageEffects":true,"showParticleSystems":true,"showVisualEffectGraphs":true,"m_FxEnabled":true},"in2DMode":false,"pivot":{"x":470.2424011230469,"y":226.271240234375,"z":-1.201904296875},"rotation":{"x":-0.0033095197286456825,"y":-0.006902473513036966,"z":0.00002282034620293416,"w":-0.9999706745147705},"size":322.85235595703127,"orthographic":false}