{"cameraMode":{"drawMode":0,"name":"Shaded","section":"Shading Mode"},"sceneLighting":true,"audioPlay":false,"sceneViewState":{"m_AlwaysRefresh":true,"showFog":false,"showSkybox":true,"showFlares":true,"showImageEffects":true,"showParticleSystems":true,"showVisualEffectGraphs":true,"m_FxEnabled":true},"in2DMode":false,"pivot":{"x":322.3267517089844,"y":162.02279663085938,"z":0.41485595703125},"rotation":{"x":-0.0033095197286456825,"y":-0.006902473513036966,"z":0.00002282034620293416,"w":-0.9999706745147705},"size":159.64059448242188,"orthographic":false}